,modeldate,current_zscore,projected_zscore,indicator,daily_difference
1035,6/1/2020,-2.4820740000000003,-1.604007,Average of all six indicators,
1034,6/1/2020,6.9798160000000005,6.8359369999999995,Real disposable personal income,
1033,6/1/2020,0.9519582000000001,1.2169020000000002,Consumer price index,
1032,6/1/2020,-7.845784,-6.746094,Nonfarm payrolls,
1031,6/1/2020,-4.591266,-3.378169,Industrial production,
1030,6/1/2020,-10.7598,-7.778107,Personal consumption expenditures,
1029,6/1/2020,0.37263070000000004,0.2254873,S&P 500,
1028,6/2/2020,-2.472658,-1.594591,Average of all six indicators,0.009416000000000313
1027,6/2/2020,6.9798160000000005,6.8480039999999995,Real disposable personal income,0.0
1026,6/2/2020,0.9519582000000001,1.215581,Consumer price index,0.0
1025,6/2/2020,-7.845784,-6.747392,Nonfarm payrolls,0.0
1024,6/2/2020,-4.591266,-3.366228,Industrial production,0.0
1023,6/2/2020,-10.7598,-7.785295,Personal consumption expenditures,0.0
1022,6/2/2020,0.4291241,0.267785,S&P 500,0.05649339999999997
1021,6/3/2020,-2.456775,-1.574034,Average of all six indicators,0.01588300000000009
1020,6/3/2020,6.9798160000000005,6.862531,Real disposable personal income,0.0
1019,6/3/2020,0.9519582000000001,1.214261,Consumer price index,0.0
1018,6/3/2020,-7.845784,-6.740066000000001,Nonfarm payrolls,0.0
1017,6/3/2020,-4.591266,-3.3389480000000002,Industrial production,0.0
1016,6/3/2020,-10.7598,-7.781172,Personal consumption expenditures,0.0
1015,6/3/2020,0.5244246,0.3391895,S&P 500,0.09530050000000001
1014,6/4/2020,-2.461147,-1.588567,Average of all six indicators,0.0043720000000000425
1013,6/4/2020,6.9798160000000005,6.869116,Real disposable personal income,0.0
1012,6/4/2020,0.9519582000000001,1.21294,Consumer price index,0.0
1011,6/4/2020,-7.845784,-6.760264,Nonfarm payrolls,0.0
1010,6/4/2020,-4.591266,-3.360519,Industrial production,0.0
1009,6/4/2020,-10.7598,-7.812701,Personal consumption expenditures,0.0
1008,6/4/2020,0.4981917,0.3200221,S&P 500,0.026232900000000003
1007,6/5/2020,-2.245412,-1.2914379999999999,Average of all six indicators,0.215735
1006,6/5/2020,6.9798160000000005,6.8871210000000005,Real disposable personal income,0.0
1005,6/5/2020,0.9519582000000001,1.211416,Consumer price index,0.0
1004,6/5/2020,-6.736466,-5.226991,Nonfarm payrolls,1.109318
1003,6/5/2020,-4.591266,-3.297486,Industrial production,0.0
1002,6/5/2020,-10.7598,-7.782082000000001,Personal consumption expenditures,0.0
1001,6/5/2020,0.683283,0.45939309999999994,S&P 500,0.18509129999999996
1000,6/6/2020,-2.245412,-1.2987520000000001,Average of all six indicators,0.0
999,6/6/2020,6.9798160000000005,6.893066,Real disposable personal income,0.0
998,6/6/2020,0.9519582000000001,1.209891,Consumer price index,0.0
997,6/6/2020,-6.736466,-5.241427,Nonfarm payrolls,0.0
996,6/6/2020,-4.591266,-3.3090580000000003,Industrial production,0.0
995,6/6/2020,-10.7598,-7.806159,Personal consumption expenditures,0.0
994,6/6/2020,0.683283,0.46117600000000003,S&P 500,0.0
993,6/7/2020,-2.245412,-1.306065,Average of all six indicators,0.0
992,6/7/2020,6.9798160000000005,6.899012,Real disposable personal income,0.0
991,6/7/2020,0.9519582000000001,1.208367,Consumer price index,0.0
990,6/7/2020,-6.736466,-5.255864,Nonfarm payrolls,0.0
989,6/7/2020,-4.591266,-3.3206300000000004,Industrial production,0.0
988,6/7/2020,-10.7598,-7.830236,Personal consumption expenditures,0.0
987,6/7/2020,0.683283,0.462959,S&P 500,0.0
986,6/8/2020,-2.231479,-1.289336,Average of all six indicators,0.013932999999999751
985,6/8/2020,6.9798160000000005,6.910297,Real disposable personal income,0.0
984,6/8/2020,0.9519582000000001,1.206842,Consumer price index,0.0
983,6/8/2020,-6.736466,-5.251544,Nonfarm payrolls,0.0
982,6/8/2020,-4.591266,-3.298822,Industrial production,0.0
981,6/8/2020,-10.7598,-7.829642999999999,Personal consumption expenditures,0.0
980,6/8/2020,0.7668824000000001,0.5268562,S&P 500,0.0835994000000001
979,6/9/2020,-2.241143,-1.3132030000000001,Average of all six indicators,0.009663999999999895
978,6/9/2020,6.9798160000000005,6.912737,Real disposable personal income,0.0
977,6/9/2020,0.9519582000000001,1.205317,Consumer price index,0.0
976,6/9/2020,-6.736466,-5.278279,Nonfarm payrolls,0.0
975,6/9/2020,-4.591266,-3.3322760000000002,Industrial production,0.0
974,6/9/2020,-10.7598,-7.869875,Personal consumption expenditures,0.0
973,6/9/2020,0.7088988,0.48315969999999997,S&P 500,0.057983600000000024
972,6/10/2020,-2.247849,-1.331934,Average of all six indicators,0.006705999999999879
971,6/10/2020,6.9798160000000005,6.916322,Real disposable personal income,0.0
970,6/10/2020,0.9519582000000001,1.2037930000000001,Consumer price index,0.0
969,6/10/2020,-6.736466,-5.30103,Nonfarm payrolls,0.0
968,6/10/2020,-4.591266,-3.358653,Industrial production,0.0
967,6/10/2020,-10.7598,-7.904922999999999,Personal consumption expenditures,0.0
966,6/10/2020,0.6686626999999999,0.45289009999999996,S&P 500,0.04023610000000011
965,6/11/2020,-2.318433,-1.459918,Average of all six indicators,0.0705840000000002
964,6/11/2020,6.9798160000000005,6.8966460000000005,Real disposable personal income,0.0
963,6/11/2020,0.9519582000000001,1.2022680000000001,Consumer price index,0.0
962,6/11/2020,-6.736466,-5.406079,Nonfarm payrolls,0.0
961,6/11/2020,-4.591266,-3.531708,Industrial production,0.0
960,6/11/2020,-10.7598,-8.049109,Personal consumption expenditures,0.0
959,6/11/2020,0.24516060000000003,0.1284725,S&P 500,0.4235020999999999
958,6/12/2020,-2.30326,-1.4408370000000001,Average of all six indicators,0.015173000000000325
957,6/12/2020,6.9798160000000005,6.90842,Real disposable personal income,0.0
956,6/12/2020,0.9519582000000001,1.2007430000000001,Consumer price index,0.0
955,6/12/2020,-6.736466,-5.400072,Nonfarm payrolls,0.0
954,6/12/2020,-4.591266,-3.506908,Industrial production,0.0
953,6/12/2020,-10.7598,-8.046338,Personal consumption expenditures,0.0
952,6/12/2020,0.3361953,0.1991321,S&P 500,0.09103469999999994
951,6/13/2020,-2.30326,-1.448024,Average of all six indicators,0.0
950,6/13/2020,6.9798160000000005,6.914541000000001,Real disposable personal income,0.0
949,6/13/2020,0.9519582000000001,1.199219,Consumer price index,0.0
948,6/13/2020,-6.736466,-5.4140559999999995,Nonfarm payrolls,0.0
947,6/13/2020,-4.591266,-3.517733,Industrial production,0.0
946,6/13/2020,-10.7598,-8.070064,Personal consumption expenditures,0.0
945,6/13/2020,0.3361953,0.19995,S&P 500,0.0
944,6/14/2020,-2.30326,-1.4552100000000001,Average of all six indicators,0.0
943,6/14/2020,6.9798160000000005,6.920661999999999,Real disposable personal income,0.0
942,6/14/2020,0.9519582000000001,1.197694,Consumer price index,0.0
941,6/14/2020,-6.736466,-5.42804,Nonfarm payrolls,0.0
940,6/14/2020,-4.591266,-3.5285580000000003,Industrial production,0.0
939,6/14/2020,-10.7598,-8.093788,Personal consumption expenditures,0.0
938,6/14/2020,0.3361953,0.200768,S&P 500,0.0
937,6/15/2020,-2.225111,-1.22454,Average of all six indicators,0.0781489999999998
936,6/15/2020,6.9798160000000005,7.0599169999999996,Real disposable personal income,0.0
935,6/15/2020,1.0086680000000001,1.238864,Consumer price index,0.05670980000000003
934,6/15/2020,-6.736466,-5.279081,Nonfarm payrolls,0.0
933,6/15/2020,-4.2255,-2.7454169999999998,Industrial production,0.3657659999999998
932,6/15/2020,-10.7598,-7.859488000000001,Personal consumption expenditures,0.0
931,6/15/2020,0.3826116,0.23796399999999998,S&P 500,0.04641630000000002
930,6/16/2020,-2.202931,-1.1946809999999999,Average of all six indicators,0.02218000000000009
929,6/16/2020,6.9798160000000005,7.07309,Real disposable personal income,0.0
928,6/16/2020,1.0086680000000001,1.2375,Consumer price index,0.0
927,6/16/2020,-6.736466,-5.266051999999999,Nonfarm payrolls,0.0
926,6/16/2020,-4.2255,-2.708039,Industrial production,0.0
925,6/16/2020,-10.7598,-7.847074,Personal consumption expenditures,0.0
924,6/16/2020,0.5156969,0.3424913,S&P 500,0.13308530000000002
923,6/17/2020,-2.207623,-1.2106,Average of all six indicators,0.0046919999999999185
922,6/17/2020,6.9798160000000005,7.076822999999999,Real disposable personal income,0.0
921,6/17/2020,1.0086680000000001,1.236135,Consumer price index,0.0
920,6/17/2020,-6.736466,-5.286753,Nonfarm payrolls,0.0
919,6/17/2020,-4.2255,-2.7308950000000003,Industrial production,0.0
918,6/17/2020,-10.7598,-7.879878999999999,Personal consumption expenditures,0.0
917,6/17/2020,0.4875406,0.32097040000000004,S&P 500,0.028156300000000023
916,6/18/2020,-2.207323,-1.218024,Average of all six indicators,0.0002999999999997449
915,6/18/2020,6.9798160000000005,7.082294999999999,Real disposable personal income,0.0
914,6/18/2020,1.0086680000000001,1.2347709999999998,Consumer price index,0.0
913,6/18/2020,-6.736466,-5.301227,Nonfarm payrolls,0.0
912,6/18/2020,-4.2255,-2.742626,Industrial production,0.0
911,6/18/2020,-10.7598,-7.904316000000001,Personal consumption expenditures,0.0
910,6/18/2020,0.4893447,0.3229578,S&P 500,0.0018041000000000307
909,6/19/2020,-2.21446,-1.2380440000000001,Average of all six indicators,0.007136999999999727
908,6/19/2020,6.9798160000000005,7.085235000000001,Real disposable personal income,0.0
907,6/19/2020,1.0086680000000001,1.233406,Consumer price index,0.0
906,6/19/2020,-6.736466,-5.324829,Nonfarm payrolls,0.0
905,6/19/2020,-4.2255,-2.7706869999999997,Industrial production,0.0
904,6/19/2020,-10.7598,-7.941109,Personal consumption expenditures,0.0
903,6/19/2020,0.4465198,0.289718,S&P 500,0.0428249
902,6/20/2020,-2.21446,-1.246146,Average of all six indicators,0.0
901,6/20/2020,6.9798160000000005,7.0905119999999995,Real disposable personal income,0.0
900,6/20/2020,1.0086680000000001,1.232042,Consumer price index,0.0
899,6/20/2020,-6.736466,-5.340023,Nonfarm payrolls,0.0
898,6/20/2020,-4.2255,-2.7837099999999997,Industrial production,0.0
897,6/20/2020,-10.7598,-7.966545,Personal consumption expenditures,0.0
896,6/20/2020,0.4465198,0.2908453,S&P 500,0.0
895,6/21/2020,-2.21446,-1.254248,Average of all six indicators,0.0
894,6/21/2020,6.9798160000000005,7.095789999999999,Real disposable personal income,0.0
893,6/21/2020,1.0086680000000001,1.2306780000000002,Consumer price index,0.0
892,6/21/2020,-6.736466,-5.355216,Nonfarm payrolls,0.0
891,6/21/2020,-4.2255,-2.796734,Industrial production,0.0
890,6/21/2020,-10.7598,-7.991981,Personal consumption expenditures,0.0
889,6/21/2020,0.4465198,0.29197259999999997,S&P 500,0.0
888,6/22/2020,-2.207207,-1.249933,Average of all six indicators,0.007252999999999954
887,6/22/2020,6.9798160000000005,7.103567999999999,Real disposable personal income,0.0
886,6/22/2020,1.0086680000000001,1.2293129999999999,Consumer price index,0.0
885,6/22/2020,-6.736466,-5.361315,Nonfarm payrolls,0.0
884,6/22/2020,-4.2255,-2.793463,Industrial production,0.0
883,6/22/2020,-10.7598,-8.004995,Personal consumption expenditures,0.0
882,6/22/2020,0.49003559999999996,0.3272957,S&P 500,0.04351579999999994
881,6/23/2020,-2.20249,-1.249942,Average of all six indicators,0.00471699999999986
880,6/23/2020,6.9798160000000005,7.110467999999999,Real disposable personal income,0.0
879,6/23/2020,1.0086680000000001,1.227949,Consumer price index,0.0
878,6/23/2020,-6.736466,-5.370564,Nonfarm payrolls,0.0
877,6/23/2020,-4.2255,-2.795821,Industrial production,0.0
876,6/23/2020,-10.7598,-8.022254,Personal consumption expenditures,0.0
875,6/23/2020,0.5183388,0.35056950000000003,S&P 500,0.02830320000000003
874,6/24/2020,-2.233698,-1.310378,Average of all six indicators,0.031207999999999902
873,6/24/2020,6.9798160000000005,7.105693,Real disposable personal income,0.0
872,6/24/2020,1.0086680000000001,1.2265840000000001,Consumer price index,0.0
871,6/24/2020,-6.736466,-5.422473,Nonfarm payrolls,0.0
870,6/24/2020,-4.2255,-2.874691,Industrial production,0.0
869,6/24/2020,-10.7598,-8.098073,Personal consumption expenditures,0.0
868,6/24/2020,0.3310905,0.20069160000000003,S&P 500,0.18724829999999998
867,6/25/2020,-2.221063,-1.2969899999999999,Average of all six indicators,0.012634999999999952
866,6/25/2020,6.9798160000000005,7.115183,Real disposable personal income,0.0
865,6/25/2020,1.0086680000000001,1.22522,Consumer price index,0.0
864,6/25/2020,-6.736466,-5.422280000000001,Nonfarm payrolls,0.0
863,6/25/2020,-4.2255,-2.860122,Industrial production,0.0
862,6/25/2020,-10.7598,-8.102395,Personal consumption expenditures,0.0
861,6/25/2020,0.4069038,0.2624562,S&P 500,0.07581329999999997
860,6/26/2020,-2.2503349999999998,-1.353948,Average of all six indicators,0.029271999999999743
859,6/26/2020,6.9798160000000005,7.1112720000000005,Real disposable personal income,0.0
858,6/26/2020,1.0086680000000001,1.223856,Consumer price index,0.0
857,6/26/2020,-6.736466,-5.4712879999999995,Nonfarm payrolls,0.0
856,6/26/2020,-4.2255,-2.933873,Industrial production,0.0
855,6/26/2020,-10.7598,-8.174593,Personal consumption expenditures,0.0
854,6/26/2020,0.2312708,0.1209407,S&P 500,0.17563299999999998
853,6/27/2020,-2.2503349999999998,-1.361974,Average of all six indicators,0.0
852,6/27/2020,6.9798160000000005,7.116657000000001,Real disposable personal income,0.0
851,6/27/2020,1.0086680000000001,1.222491,Consumer price index,0.0
850,6/27/2020,-6.736466,-5.486205,Nonfarm payrolls,0.0
849,6/27/2020,-4.2255,-2.946441,Industrial production,0.0
848,6/27/2020,-10.7598,-8.199814,Personal consumption expenditures,0.0
847,6/27/2020,0.2312708,0.12146989999999998,S&P 500,0.0
846,6/28/2020,-2.2503349999999998,-1.369999,Average of all six indicators,0.0
845,6/28/2020,6.9798160000000005,7.122041,Real disposable personal income,0.0
844,6/28/2020,1.0086680000000001,1.221127,Consumer price index,0.0
843,6/28/2020,-6.736466,-5.5011209999999995,Nonfarm payrolls,0.0
842,6/28/2020,-4.2255,-2.9590080000000003,Industrial production,0.0
841,6/28/2020,-10.7598,-8.225035,Personal consumption expenditures,0.0
840,6/28/2020,0.2312708,0.1219991,S&P 500,0.0
839,6/29/2020,-2.2333369999999997,-1.3493709999999999,Average of all six indicators,0.01699800000000007
838,6/29/2020,6.9798160000000005,7.132764,Real disposable personal income,0.0
837,6/29/2020,1.0086680000000001,1.219762,Consumer price index,0.0
836,6/29/2020,-6.736466,-5.4962230000000005,Nonfarm payrolls,0.0
835,6/29/2020,-4.2255,-2.9359349999999997,Industrial production,0.0
834,6/29/2020,-10.7598,-8.222619,Personal consumption expenditures,0.0
833,6/29/2020,0.33325959999999993,0.2060234,S&P 500,0.10198879999999994
832,6/30/2020,-1.942278,-1.080452,Average of all six indicators,0.29105899999999973
831,6/30/2020,4.050807,4.157347,Real disposable personal income,2.9290090000000006
830,6/30/2020,1.0086680000000001,1.2183979999999999,Consumer price index,0.0
829,6/30/2020,-6.736466,-5.490545,Nonfarm payrolls,0.0
828,6/30/2020,-4.2255,-2.911412,Industrial production,0.0
827,6/30/2020,-6.192026,-3.7514550000000004,Personal consumption expenditures,4.567774
826,6/30/2020,0.4408508,0.29495520000000003,S&P 500,0.10759120000000005
825,7/1/2020,-1.9367189999999999,-1.078762,Average of all six indicators,0.005559000000000092
824,7/1/2020,4.050807,4.1623470000000005,Real disposable personal income,0.0
823,7/1/2020,1.0086680000000001,1.217034,Consumer price index,0.0
822,7/1/2020,-6.736466,-5.499128,Nonfarm payrolls,0.0
821,7/1/2020,-4.2255,-2.91253,Industrial production,0.0
820,7/1/2020,-6.192026,-3.763386,Personal consumption expenditures,0.0
819,7/1/2020,0.47420249999999997,0.32308899999999996,S&P 500,0.033351699999999984
818,7/2/2020,-1.931746,-1.0780889999999999,Average of all six indicators,0.004972999999999894
817,7/2/2020,4.050807,4.167134,Real disposable personal income,0.0
816,7/2/2020,1.0086680000000001,1.215669,Consumer price index,0.0
815,7/2/2020,-6.736466,-5.508463,Nonfarm payrolls,0.0
814,7/2/2020,-4.2255,-2.914991,Industrial production,0.0
813,7/2/2020,-6.192026,-3.7763190000000004,Personal consumption expenditures,0.0
812,7/2/2020,0.5040412999999999,0.3484337,S&P 500,0.029838799999999943
811,7/3/2020,-1.931746,-1.085864,Average of all six indicators,0.0
810,7/3/2020,4.050807,4.1703269999999995,Real disposable personal income,0.0
809,7/3/2020,1.0086680000000001,1.214305,Consumer price index,0.0
808,7/3/2020,-6.736466,-5.523757,Nonfarm payrolls,0.0
807,7/3/2020,-4.2255,-2.92818,Industrial production,0.0
806,7/3/2020,-6.192026,-3.7976120000000004,Personal consumption expenditures,0.0
805,7/3/2020,0.5040412999999999,0.3497328,S&P 500,0.0
804,7/4/2020,-1.931746,-1.093639,Average of all six indicators,0.0
803,7/4/2020,4.050807,4.17352,Real disposable personal income,0.0
802,7/4/2020,1.0086680000000001,1.21294,Consumer price index,0.0
801,7/4/2020,-6.736466,-5.5390489999999994,Nonfarm payrolls,0.0
800,7/4/2020,-4.2255,-2.941368,Industrial production,0.0
799,7/4/2020,-6.192026,-3.8189059999999997,Personal consumption expenditures,0.0
798,7/4/2020,0.5040412999999999,0.35103190000000006,S&P 500,0.0
797,7/5/2020,-1.931746,-1.100955,Average of all six indicators,0.0
796,7/5/2020,4.050807,4.175048,Real disposable personal income,0.0
795,7/5/2020,1.0086680000000001,1.211465,Consumer price index,0.0
794,7/5/2020,-6.736466,-5.552008,Nonfarm payrolls,0.0
793,7/5/2020,-4.2255,-2.95336,Industrial production,0.0
792,7/5/2020,-6.192026,-3.839231,Personal consumption expenditures,0.0
791,7/5/2020,0.5040412999999999,0.352358,S&P 500,0.0
790,7/6/2020,-1.580476,-0.6950307,Average of all six indicators,0.35126999999999997
789,7/6/2020,4.050807,4.181931,Real disposable personal income,0.0
788,7/6/2020,1.0086680000000001,1.209989,Consumer price index,0.0
787,7/6/2020,-4.738862,-3.247779,Nonfarm payrolls,1.997604
786,7/6/2020,-4.2255,-2.928744,Industrial production,0.0
785,7/6/2020,-6.192026,-3.8307059999999997,Personal consumption expenditures,0.0
784,7/6/2020,0.6140568000000001,0.44512399999999996,S&P 500,0.11001550000000015
783,7/7/2020,-1.5938,-0.7244324000000001,Average of all six indicators,0.013324000000000114
782,7/7/2020,4.050807,4.179702,Real disposable personal income,0.0
781,7/7/2020,1.0086680000000001,1.2085139999999999,Consumer price index,0.0
780,7/7/2020,-4.738862,-3.275957,Nonfarm payrolls,0.0
779,7/7/2020,-4.2255,-2.9664029999999997,Industrial production,0.0
778,7/7/2020,-6.192026,-3.8712440000000004,Personal consumption expenditures,0.0
777,7/7/2020,0.5341107,0.3787943,S&P 500,0.07994610000000002
776,7/8/2020,-1.58492,-0.7172046999999999,Average of all six indicators,0.008879999999999999
775,7/8/2020,4.050807,4.1838,Real disposable personal income,0.0
774,7/8/2020,1.0086680000000001,1.207039,Consumer price index,0.0
773,7/8/2020,-4.738862,-3.2801370000000003,Nonfarm payrolls,0.0
772,7/8/2020,-4.2255,-2.960718,Industrial production,0.0
771,7/8/2020,-6.192026,-3.8775779999999997,Personal consumption expenditures,0.0
770,7/8/2020,0.5873923000000001,0.4243665,S&P 500,0.05328160000000004
769,7/9/2020,-1.5920860000000001,-0.736394,Average of all six indicators,0.007166000000000006
768,7/9/2020,4.050807,4.183369,Real disposable personal income,0.0
767,7/9/2020,1.0086680000000001,1.205563,Consumer price index,0.0
766,7/9/2020,-4.738862,-3.301529,Nonfarm payrolls,0.0
765,7/9/2020,-4.2255,-2.986132,Industrial production,0.0
764,7/9/2020,-6.192026,-3.908495,Personal consumption expenditures,0.0
763,7/9/2020,0.5443977,0.38885929999999996,S&P 500,0.042994600000000105
762,7/10/2020,-1.580068,-0.724107,Average of all six indicators,0.012018000000000084
761,7/10/2020,4.050807,4.188274,Real disposable personal income,0.0
760,7/10/2020,1.0086680000000001,1.2040879999999998,Consumer price index,0.0
759,7/10/2020,-4.738862,-3.302579,Nonfarm payrolls,0.0
758,7/10/2020,-4.2255,-2.974772,Industrial production,0.0
757,7/10/2020,-6.192026,-3.910275,Personal consumption expenditures,0.0
756,7/10/2020,0.6165068,0.45062299999999994,S&P 500,0.07210910000000004
755,7/11/2020,-1.580068,-0.7316608,Average of all six indicators,0.0
754,7/11/2020,4.050807,4.1897459999999995,Real disposable personal income,0.0
753,7/11/2020,1.0086680000000001,1.202612,Consumer price index,0.0
752,7/11/2020,-4.738862,-3.316708,Nonfarm payrolls,0.0
751,7/11/2020,-4.2255,-2.987053,Industrial production,0.0
750,7/11/2020,-6.192026,-3.930778,Personal consumption expenditures,0.0
749,7/11/2020,0.6165068,0.4522151,S&P 500,0.0
748,7/12/2020,-1.580068,-0.7392145999999999,Average of all six indicators,0.0
747,7/12/2020,4.050807,4.191219,Real disposable personal income,0.0
746,7/12/2020,1.0086680000000001,1.2011370000000001,Consumer price index,0.0
745,7/12/2020,-4.738862,-3.330836,Nonfarm payrolls,0.0
744,7/12/2020,-4.2255,-2.999334,Industrial production,0.0
743,7/12/2020,-6.192026,-3.95128,Personal consumption expenditures,0.0
742,7/12/2020,0.6165068,0.4538071,S&P 500,0.0
741,7/13/2020,-1.591759,-0.7657114,Average of all six indicators,0.011690999999999896
740,7/13/2020,4.050807,4.189637,Real disposable personal income,0.0
739,7/13/2020,1.0086680000000001,1.199661,Consumer price index,0.0
738,7/13/2020,-4.738862,-3.3567120000000004,Nonfarm payrolls,0.0
737,7/13/2020,-4.2255,-3.032882,Industrial production,0.0
736,7/13/2020,-6.192026,-3.98874,Personal consumption expenditures,0.0
735,7/13/2020,0.5463574999999999,0.3947687,S&P 500,0.07014930000000008
734,7/14/2020,-1.576244,-0.7479216,Average of all six indicators,0.015514999999999946
733,7/14/2020,4.050807,4.1953260000000006,Real disposable personal income,0.0
732,7/14/2020,1.0086680000000001,1.198186,Consumer price index,0.0
731,7/14/2020,-4.738862,-3.3546169999999997,Nonfarm payrolls,0.0
730,7/14/2020,-4.2255,-3.015786,Industrial production,0.0
729,7/14/2020,-6.192026,-3.985807,Personal consumption expenditures,0.0
728,7/14/2020,0.6394486,0.47516850000000005,S&P 500,0.0930911000000001
727,7/15/2020,-1.5658809999999999,-0.9887898999999999,Average of all six indicators,0.010363000000000122
726,7/15/2020,4.050807,3.921155,Real disposable personal income,0.0
725,7/15/2020,1.0086680000000001,1.196711,Consumer price index,0.0
724,7/15/2020,-4.738862,-3.675931,Nonfarm payrolls,0.0
723,7/15/2020,-4.2255,-3.398729,Industrial production,0.0
722,7/15/2020,-6.192026,-4.505227,Personal consumption expenditures,0.0
721,7/15/2020,0.7016241999999999,0.5292825,S&P 500,0.062175599999999887
720,7/16/2020,-1.378874,-0.7839993000000001,Average of all six indicators,0.18700699999999992
719,7/16/2020,4.050807,3.922017,Real disposable personal income,0.0
718,7/16/2020,0.8142259,1.005001,Consumer price index,0.19444210000000017
717,7/16/2020,-4.738862,-3.698112,Nonfarm payrolls,0.0
716,7/16/2020,-2.843096,-1.870902,Industrial production,1.3824040000000002
715,7/16/2020,-6.192026,-4.537104,Personal consumption expenditures,0.0
714,7/16/2020,0.6357056999999999,0.47510420000000003,S&P 500,0.06591849999999999
713,7/17/2020,-1.376003,-0.7848812,Average of all six indicators,0.002870999999999846
712,7/17/2020,4.050807,3.926472,Real disposable personal income,0.0
711,7/17/2020,0.8142259,1.003399,Consumer price index,0.0
710,7/17/2020,-4.738862,-3.706401,Nonfarm payrolls,0.0
709,7/17/2020,-2.843096,-1.874716,Industrial production,0.0
708,7/17/2020,-6.192026,-4.548816,Personal consumption expenditures,0.0
707,7/17/2020,0.6529305000000001,0.490775,S&P 500,0.01722480000000015
706,7/18/2020,-1.376003,-0.7904764,Average of all six indicators,0.0
705,7/18/2020,4.050807,3.93011,Real disposable personal income,0.0
704,7/18/2020,0.8142259,1.001798,Consumer price index,0.0
703,7/18/2020,-4.738862,-3.7178480000000005,Nonfarm payrolls,0.0
702,7/18/2020,-2.843096,-1.884254,Industrial production,0.0
701,7/18/2020,-6.192026,-4.565117,Personal consumption expenditures,0.0
700,7/18/2020,0.6529305000000001,0.492453,S&P 500,0.0
699,7/19/2020,-1.376003,-0.7960715,Average of all six indicators,0.0
698,7/19/2020,4.050807,3.9337489999999997,Real disposable personal income,0.0
697,7/19/2020,0.8142259,1.0001959999999999,Consumer price index,0.0
696,7/19/2020,-4.738862,-3.7292940000000003,Nonfarm payrolls,0.0
695,7/19/2020,-2.843096,-1.893792,Industrial production,0.0
694,7/19/2020,-6.192026,-4.581419,Personal consumption expenditures,0.0
693,7/19/2020,0.6529305000000001,0.49413100000000004,S&P 500,0.0
692,7/20/2020,-1.366741,-0.7867543,Average of all six indicators,0.009262000000000103
691,7/20/2020,4.050807,3.939754,Real disposable personal income,0.0
690,7/20/2020,0.8142259,0.9985941999999999,Consumer price index,0.0
689,7/20/2020,-4.738862,-3.7314839999999996,Nonfarm payrolls,0.0
688,7/20/2020,-2.843096,-1.88652,Industrial production,0.0
687,7/20/2020,-6.192026,-4.584142,Personal consumption expenditures,0.0
686,7/20/2020,0.708505,0.5432712,S&P 500,0.05557449999999997
685,7/21/2020,-1.365268,-0.7899914000000001,Average of all six indicators,0.0014730000000000576
684,7/21/2020,4.050807,3.943793,Real disposable personal income,0.0
683,7/21/2020,0.8142259,0.9969925,Consumer price index,0.0
682,7/21/2020,-4.738862,-3.741339,Nonfarm payrolls,0.0
681,7/21/2020,-2.843096,-1.8931580000000001,Industrial production,0.0
680,7/21/2020,-6.192026,-4.598071,Personal consumption expenditures,0.0
679,7/21/2020,0.7173409000000001,0.5518335999999999,S&P 500,0.008835900000000008
678,7/22/2020,-1.358954,-0.7855134,Average of all six indicators,0.006313999999999931
677,7/22/2020,4.050807,3.9489949999999996,Real disposable personal income,0.0
676,7/22/2020,0.8142259,0.9953908000000001,Consumer price index,0.0
675,7/22/2020,-4.738862,-3.746606,Nonfarm payrolls,0.0
674,7/22/2020,-2.843096,-1.8914540000000002,Industrial production,0.0
673,7/22/2020,-6.192026,-4.605224,Personal consumption expenditures,0.0
672,7/22/2020,0.7552286,0.585817,S&P 500,0.03788769999999997
671,7/23/2020,-1.374158,-0.8153882,Average of all six indicators,0.015203999999999995
670,7/23/2020,4.050807,3.9489970000000003,Real disposable personal income,0.0
669,7/23/2020,0.8142259,0.9937891999999999,Consumer price index,0.0
668,7/23/2020,-4.738862,-3.772351,Nonfarm payrolls,0.0
667,7/23/2020,-2.843096,-1.926981,Industrial production,0.0
666,7/23/2020,-6.192026,-4.642592,Personal consumption expenditures,0.0
665,7/23/2020,0.6640027,0.5068089,S&P 500,0.09122590000000008
664,7/24/2020,-1.382066,-0.833526,Average of all six indicators,0.007908000000000026
663,7/24/2020,4.050807,3.950811,Real disposable personal income,0.0
662,7/24/2020,0.8142259,0.9921875,Consumer price index,0.0
661,7/24/2020,-4.738862,-3.791008,Nonfarm payrolls,0.0
660,7/24/2020,-2.843096,-1.9496369999999998,Industrial production,0.0
659,7/24/2020,-6.192026,-4.669565,Personal consumption expenditures,0.0
658,7/24/2020,0.6165571999999999,0.4660558,S&P 500,0.04744550000000003
657,7/25/2020,-1.382066,-0.8391040999999999,Average of all six indicators,0.0
656,7/25/2020,4.050807,3.9544629999999996,Real disposable personal income,0.0
655,7/25/2020,0.8142259,0.9905858000000001,Consumer price index,0.0
654,7/25/2020,-4.738862,-3.8024150000000003,Nonfarm payrolls,0.0
653,7/25/2020,-2.843096,-1.959107,Industrial production,0.0
652,7/25/2020,-6.192026,-4.685824,Personal consumption expenditures,0.0
651,7/25/2020,0.6165571999999999,0.46767240000000004,S&P 500,0.0
650,7/26/2020,-1.382066,-0.8446823,Average of all six indicators,0.0
649,7/26/2020,4.050807,3.9581150000000003,Real disposable personal income,0.0
648,7/26/2020,0.8142259,0.9889841,Consumer price index,0.0
647,7/26/2020,-4.738862,-3.813822,Nonfarm payrolls,0.0
646,7/26/2020,-2.843096,-1.968577,Industrial production,0.0
645,7/26/2020,-6.192026,-4.702083999999999,Personal consumption expenditures,0.0
644,7/26/2020,0.6165571999999999,0.469289,S&P 500,0.0
643,7/27/2020,-1.374021,-0.8374951999999999,Average of all six indicators,0.00804500000000008
642,7/27/2020,4.050807,3.963663,Real disposable personal income,0.0
641,7/27/2020,0.8142259,0.9873824000000001,Consumer price index,0.0
640,7/27/2020,-4.738862,-3.8176639999999997,Nonfarm payrolls,0.0
639,7/27/2020,-2.843096,-1.964261,Industrial production,0.0
638,7/27/2020,-6.192026,-4.707049,Personal consumption expenditures,0.0
637,7/27/2020,0.6648234000000001,0.5129575,S&P 500,0.04826620000000015
636,7/28/2020,-1.38227,-0.856073,Average of all six indicators,0.008249000000000173
635,7/28/2020,4.050807,3.9654809999999996,Real disposable personal income,0.0
634,7/28/2020,0.8142259,0.9857808000000001,Consumer price index,0.0
633,7/28/2020,-4.738862,-3.836389,Nonfarm payrolls,0.0
632,7/28/2020,-2.843096,-1.987066,Industrial production,0.0
631,7/28/2020,-6.192026,-4.734233000000001,Personal consumption expenditures,0.0
630,7/28/2020,0.6153274999999999,0.4699879,S&P 500,0.04949590000000015
629,7/29/2020,-1.368012,-0.8391681000000001,Average of all six indicators,0.014258000000000104
628,7/29/2020,4.050807,3.9723669999999998,Real disposable personal income,0.0
627,7/29/2020,0.8142259,0.9841791,Consumer price index,0.0
626,7/29/2020,-4.738862,-3.83481,Nonfarm payrolls,0.0
625,7/29/2020,-2.843096,-1.9728450000000002,Industrial production,0.0
624,7/29/2020,-6.192026,-4.7309980000000005,Personal consumption expenditures,0.0
623,7/29/2020,0.7008774999999999,0.5470969,S&P 500,0.08555000000000001
622,7/30/2020,-1.373024,-0.8526454,Average of all six indicators,0.0050120000000000164
621,7/30/2020,4.050807,3.9749239999999997,Real disposable personal income,0.0
620,7/30/2020,0.8142259,0.9825773999999999,Consumer price index,0.0
619,7/30/2020,-4.738862,-3.8505870000000004,Nonfarm payrolls,0.0
618,7/30/2020,-2.843096,-1.9902810000000002,Industrial production,0.0
617,7/30/2020,-6.192026,-4.753782,Personal consumption expenditures,0.0
616,7/30/2020,0.6708095000000001,0.5212770999999999,S&P 500,0.030067999999999873
615,7/31/2020,-1.063236,-0.5686209,Average of all six indicators,0.30978799999999995
614,7/31/2020,2.912607,2.75847,Real disposable personal income,1.1381999999999999
613,7/31/2020,0.8142259,0.9809757,Consumer price index,0.0
612,7/31/2020,-4.738862,-3.8543279999999998,Nonfarm payrolls,0.0
611,7/31/2020,-2.843096,-1.985741,Industrial production,0.0
610,7/31/2020,-3.246625,-1.8794959999999998,Personal consumption expenditures,2.9454010000000004
609,7/31/2020,0.7223313,0.5683931999999999,S&P 500,0.05152179999999995
608,8/1/2020,-1.063236,-0.5738665,Average of all six indicators,0.0
607,8/1/2020,2.912607,2.762105,Real disposable personal income,0.0
606,8/1/2020,0.8142259,0.979374,Consumer price index,0.0
605,8/1/2020,-4.738862,-3.8658910000000004,Nonfarm payrolls,0.0
604,8/1/2020,-2.843096,-1.995479,Industrial production,0.0
603,8/1/2020,-3.246625,-1.893586,Personal consumption expenditures,0.0
602,8/1/2020,0.7223313,0.5702786,S&P 500,0.0
601,8/2/2020,-1.063236,-0.5791122,Average of all six indicators,0.0
600,8/2/2020,2.912607,2.76574,Real disposable personal income,0.0
599,8/2/2020,0.8142259,0.9777724,Consumer price index,0.0
598,8/2/2020,-4.738862,-3.8774550000000003,Nonfarm payrolls,0.0
597,8/2/2020,-2.843096,-2.005218,Industrial production,0.0
596,8/2/2020,-3.246625,-1.907677,Personal consumption expenditures,0.0
595,8/2/2020,0.7223313,0.572164,S&P 500,0.0
594,8/3/2020,-1.055367,-0.5721045,Average of all six indicators,0.007869000000000126
593,8/3/2020,2.912607,2.771067,Real disposable personal income,0.0
592,8/3/2020,0.8142259,0.9761707000000001,Consumer price index,0.0
591,8/3/2020,-4.738862,-3.882107,Nonfarm payrolls,0.0
590,8/3/2020,-2.843096,-2.002313,Industrial production,0.0
589,8/3/2020,-3.246625,-1.911243,Personal consumption expenditures,0.0
588,8/3/2020,0.7695446,0.6157984999999999,S&P 500,0.047213300000000014
587,8/4/2020,-1.0515889999999999,-0.5715208,Average of all six indicators,0.003778000000000059
586,8/4/2020,2.912607,2.775503,Real disposable personal income,0.0
585,8/4/2020,0.8142259,0.974569,Consumer price index,0.0
584,8/4/2020,-4.738862,-3.890361,Nonfarm payrolls,0.0
583,8/4/2020,-2.843096,-2.005986,Industrial production,0.0
582,8/4/2020,-3.246625,-1.920248,Personal consumption expenditures,0.0
581,8/4/2020,0.7922188,0.6373982,S&P 500,0.022674199999999978
580,8/5/2020,-0.9101148000000001,-0.3990444,Average of all six indicators,0.14147419999999977
579,8/5/2020,2.912607,2.7796790000000002,Real disposable personal income,0.0
578,8/5/2020,0.8142259,0.9728323,Consumer price index,0.0
577,8/5/2020,-3.9328089999999998,-2.8936040000000003,Nonfarm payrolls,0.8060530000000004
576,8/5/2020,-2.843096,-2.004622,Industrial production,0.0
575,8/5/2020,-3.246625,-1.925714,Personal consumption expenditures,0.0
574,8/5/2020,0.8350078000000002,0.6771618,S&P 500,0.04278900000000019
573,8/6/2020,-0.9029886,-0.39386059999999995,Average of all six indicators,0.0071262000000000825
572,8/6/2020,2.912607,2.7838130000000003,Real disposable personal income,0.0
571,8/6/2020,0.8142259,0.9710956000000001,Consumer price index,0.0
570,8/6/2020,-3.9328089999999998,-2.900171,Nonfarm payrolls,0.0
569,8/6/2020,-2.843096,-2.0035130000000003,Industrial production,0.0
568,8/6/2020,-3.246625,-1.93137,Personal consumption expenditures,0.0
567,8/6/2020,0.8777651,0.7169809,S&P 500,0.042757299999999776
566,8/7/2020,-0.9027665000000001,-0.3993854,Average of all six indicators,0.00022209999999989183
565,8/7/2020,2.912607,2.786537,Real disposable personal income,0.0
564,8/7/2020,0.8142259,0.9693589,Consumer price index,0.0
563,8/7/2020,-3.9328089999999998,-2.9125330000000003,Nonfarm payrolls,0.0
562,8/7/2020,-2.843096,-2.013015,Industrial production,0.0
561,8/7/2020,-3.246625,-1.945888,Personal consumption expenditures,0.0
560,8/7/2020,0.8790978000000002,0.7192286999999999,S&P 500,0.0013327000000001865
559,8/8/2020,-0.9027665000000001,-0.4051949,Average of all six indicators,0.0
558,8/8/2020,2.912607,2.789177,Real disposable personal income,0.0
557,8/8/2020,0.8142259,0.9676223,Consumer price index,0.0
556,8/8/2020,-3.9328089999999998,-2.925236,Nonfarm payrolls,0.0
555,8/8/2020,-2.843096,-2.023141,Industrial production,0.0
554,8/8/2020,-3.246625,-1.9609290000000001,Personal consumption expenditures,0.0
553,8/8/2020,0.8790978000000002,0.721337,S&P 500,0.0
552,8/9/2020,-0.9027665000000001,-0.4110045,Average of all six indicators,0.0
551,8/9/2020,2.912607,2.791818,Real disposable personal income,0.0
550,8/9/2020,0.8142259,0.9658856,Consumer price index,0.0
549,8/9/2020,-3.9328089999999998,-2.937939,Nonfarm payrolls,0.0
548,8/9/2020,-2.843096,-2.033267,Industrial production,0.0
547,8/9/2020,-3.246625,-1.97597,Personal consumption expenditures,0.0
546,8/9/2020,0.8790978000000002,0.7234454,S&P 500,0.0
545,8/10/2020,-0.9001983,-0.41296170000000004,Average of all six indicators,0.0025682000000001315
544,8/10/2020,2.912607,2.794983,Real disposable personal income,0.0
543,8/10/2020,0.8142259,0.9641489,Consumer price index,0.0
542,8/10/2020,-3.9328089999999998,-2.948464,Nonfarm payrolls,0.0
541,8/10/2020,-2.843096,-2.0394,Industrial production,0.0
540,8/10/2020,-3.246625,-1.9876509999999998,Personal consumption expenditures,0.0
539,8/10/2020,0.8945068000000002,0.7386118,S&P 500,0.015409000000000006
538,8/11/2020,-0.9102276,-0.4340876,Average of all six indicators,0.010029300000000019
537,8/11/2020,2.912607,2.795761,Real disposable personal income,0.0
536,8/11/2020,0.8142259,0.9624121999999999,Consumer price index,0.0
535,8/11/2020,-3.9328089999999998,-2.968907,Nonfarm payrolls,0.0
534,8/11/2020,-2.843096,-2.06373,Industrial production,0.0
533,8/11/2020,-3.246625,-2.0146509999999997,Personal consumption expenditures,0.0
532,8/11/2020,0.8343311999999999,0.6845886999999999,S&P 500,0.06017560000000022
531,8/12/2020,-0.8941063,-0.4154982,Average of all six indicators,0.016121300000000005
530,8/12/2020,2.912607,2.801445,Real disposable personal income,0.0
529,8/12/2020,0.8142259,0.9606754999999999,Consumer price index,0.0
528,8/12/2020,-3.9328089999999998,-2.9689389999999998,Nonfarm payrolls,0.0
527,8/12/2020,-2.843096,-2.050599,Industrial production,0.0
526,8/12/2020,-3.246625,-2.010087,Personal consumption expenditures,0.0
525,8/12/2020,0.9310586,0.7745144,S&P 500,0.09672740000000002
524,8/13/2020,-0.8970892,-0.4627262,Average of all six indicators,0.0029829000000000105
523,8/13/2020,2.912607,2.762177,Real disposable personal income,0.0
522,8/13/2020,0.8142259,0.9589389000000001,Consumer price index,0.0
521,8/13/2020,-3.9328089999999998,-3.029986,Nonfarm payrolls,0.0
520,8/13/2020,-2.843096,-2.122691,Industrial production,0.0
519,8/13/2020,-3.246625,-2.103999,Personal consumption expenditures,0.0
518,8/13/2020,0.9131616,0.7592029,S&P 500,0.01789699999999994
517,8/14/2020,-0.9069444999999999,-0.47895829999999995,Average of all six indicators,0.0098552999999999
516,8/14/2020,2.912607,2.765168,Real disposable personal income,0.0
515,8/14/2020,0.8142259,0.9572021999999999,Consumer price index,0.0
514,8/14/2020,-3.9328089999999998,-3.04264,Nonfarm payrolls,0.0
513,8/14/2020,-2.897711,-2.19077,Industrial production,0.05461500000000008
512,8/14/2020,-3.246625,-2.1189270000000002,Personal consumption expenditures,0.0
511,8/14/2020,0.9086453000000001,0.7562163000000001,S&P 500,0.004516299999999918
510,8/15/2020,-0.7978966,-0.356557,Average of all six indicators,0.10904789999999998
509,8/15/2020,2.912607,2.76775,Real disposable personal income,0.0
508,8/15/2020,0.6458718000000001,0.7913824,Consumer price index,0.16835409999999984
507,8/15/2020,-3.9328089999999998,-3.057019,Nonfarm payrolls,0.0
506,8/15/2020,-2.057216,-1.247447,Industrial production,0.8404950000000002
505,8/15/2020,-3.246625,-2.136545,Personal consumption expenditures,0.0
504,8/15/2020,0.8907912,0.742537,S&P 500,0.017854100000000095
503,8/16/2020,-0.7978966,-0.3620961,Average of all six indicators,0.0
502,8/16/2020,2.912607,2.77086,Real disposable personal income,0.0
501,8/16/2020,0.6458718000000001,0.7895383,Consumer price index,0.0
500,8/16/2020,-3.9328089999999998,-3.069184,Nonfarm payrolls,0.0
499,8/16/2020,-2.057216,-1.25777,Industrial production,0.0
498,8/16/2020,-3.246625,-2.15072,Personal consumption expenditures,0.0
497,8/16/2020,0.8907912,0.7446991,S&P 500,0.0
496,8/17/2020,-0.7954748,-0.36410570000000003,Average of all six indicators,0.0024217999999999185
495,8/17/2020,2.912607,2.774413,Real disposable personal income,0.0
494,8/17/2020,0.6458718000000001,0.7876941,Consumer price index,0.0
493,8/17/2020,-3.9328089999999998,-3.0794799999999998,Nonfarm payrolls,0.0
492,8/17/2020,-2.057216,-1.264659,Industrial production,0.0
491,8/17/2020,-3.246625,-2.161975,Personal consumption expenditures,0.0
490,8/17/2020,0.9053224,0.7593727,S&P 500,0.014531199999999966
489,8/18/2020,-0.7933155,-0.3665363,Average of all six indicators,0.002159300000000086
488,8/18/2020,2.912607,2.777906,Real disposable personal income,0.0
487,8/18/2020,0.6458718000000001,0.7858499,Consumer price index,0.0
486,8/18/2020,-3.9328089999999998,-3.090019,Nonfarm payrolls,0.0
485,8/18/2020,-2.057216,-1.27199,Industrial production,0.0
484,8/18/2020,-3.246625,-2.173597,Personal consumption expenditures,0.0
483,8/18/2020,0.9182777,0.7726326,S&P 500,0.012955300000000003
482,8/19/2020,-0.7991478,-0.38082259999999996,Average of all six indicators,0.0058323000000000125
481,8/19/2020,2.912607,2.780047,Real disposable personal income,0.0
480,8/19/2020,0.6458718000000001,0.7840058000000001,Consumer price index,0.0
479,8/19/2020,-3.9328089999999998,-3.1062830000000003,Nonfarm payrolls,0.0
478,8/19/2020,-2.057216,-1.289857,Industrial production,0.0
477,8/19/2020,-3.246625,-2.1941990000000002,Personal consumption expenditures,0.0
476,8/19/2020,0.8832840000000001,0.7413503,S&P 500,0.034993699999999905
475,8/20/2020,-0.7959765999999999,-0.38176209999999994,Average of all six indicators,0.0031712000000000407
474,8/20/2020,2.912607,2.7837009999999998,Real disposable personal income,0.0
473,8/20/2020,0.6458718000000001,0.7821616,Consumer price index,0.0
472,8/20/2020,-3.9328089999999998,-3.116136,Nonfarm payrolls,0.0
471,8/20/2020,-2.057216,-1.295925,Industrial production,0.0
470,8/20/2020,-3.246625,-2.2047380000000003,Personal consumption expenditures,0.0
469,8/20/2020,0.9023110999999999,0.7603635999999999,S&P 500,0.019027099999999852
468,8/21/2020,-0.7924720000000001,-0.3822502,Average of all six indicators,0.003504599999999858
467,8/21/2020,2.912607,2.787391,Real disposable personal income,0.0
466,8/21/2020,0.6458718000000001,0.7803174,Consumer price index,0.0
465,8/21/2020,-3.9328089999999998,-3.125824,Nonfarm payrolls,0.0
464,8/21/2020,-2.057216,-1.301685,Industrial production,0.0
463,8/21/2020,-3.246625,-2.215003,Personal consumption expenditures,0.0
462,8/21/2020,0.9233389999999999,0.7813026,S&P 500,0.02102789999999999
461,8/22/2020,-0.7924720000000001,-0.38781259999999995,Average of all six indicators,0.0
460,8/22/2020,2.912607,2.790485,Real disposable personal income,0.0
459,8/22/2020,0.6458718000000001,0.7784733,Consumer price index,0.0
458,8/22/2020,-3.9328089999999998,-3.138043,Nonfarm payrolls,0.0
457,8/22/2020,-2.057216,-1.312106,Industrial production,0.0
456,8/22/2020,-3.246625,-2.2292490000000003,Personal consumption expenditures,0.0
455,8/22/2020,0.9233389999999999,0.7835637,S&P 500,0.0
454,8/23/2020,-0.7924720000000001,-0.3933749,Average of all six indicators,0.0
453,8/23/2020,2.912607,2.79358,Real disposable personal income,0.0
452,8/23/2020,0.6458718000000001,0.7766291000000001,Consumer price index,0.0
451,8/23/2020,-3.9328089999999998,-3.150262,Nonfarm payrolls,0.0
450,8/23/2020,-2.057216,-1.322526,Industrial production,0.0
449,8/23/2020,-3.246625,-2.2434950000000002,Personal consumption expenditures,0.0
448,8/23/2020,0.9233389999999999,0.7858248999999999,S&P 500,0.0
447,8/24/2020,-0.7813335,-0.3828242,Average of all six indicators,0.011138500000000051
446,8/24/2020,2.912607,2.798409,Real disposable personal income,0.0
445,8/24/2020,0.6458718000000001,0.7747849,Consumer price index,0.0
444,8/24/2020,-3.9328089999999998,-3.155011,Nonfarm payrolls,0.0
443,8/24/2020,-2.057216,-1.3191629999999999,Industrial production,0.0
442,8/24/2020,-3.246625,-2.245877,Personal consumption expenditures,0.0
441,8/24/2020,0.9901700999999999,0.8499128,S&P 500,0.06683110000000003
440,8/25/2020,-0.7776502,-0.3832192,Average of all six indicators,0.003683300000000056
439,8/25/2020,2.912607,2.802046,Real disposable personal income,0.0
438,8/25/2020,0.6458718000000001,0.7729408,Consumer price index,0.0
437,8/25/2020,-3.9328089999999998,-3.164862,Nonfarm payrolls,0.0
436,8/25/2020,-2.057216,-1.325204,Industrial production,0.0
435,8/25/2020,-3.246625,-2.256322,Personal consumption expenditures,0.0
434,8/25/2020,1.012269,0.8720858,S&P 500,0.022098900000000143
433,8/26/2020,-0.7661117,-0.37229840000000003,Average of all six indicators,0.011538500000000007
432,8/26/2020,2.912607,2.806834,Real disposable personal income,0.0
431,8/26/2020,0.6458718000000001,0.7710965999999999,Consumer price index,0.0
430,8/26/2020,-3.9328089999999998,-3.169706,Nonfarm payrolls,0.0
429,8/26/2020,-2.057216,-1.321993,Industrial production,0.0
428,8/26/2020,-3.246625,-2.258756,Personal consumption expenditures,0.0
427,8/26/2020,1.081501,0.9387346999999999,S&P 500,0.06923199999999996
426,8/27/2020,-0.7647259,-0.37614190000000003,Average of all six indicators,0.0013857999999999926
425,8/27/2020,2.912607,2.810072,Real disposable personal income,0.0
424,8/27/2020,0.6458718000000001,0.7692524000000001,Consumer price index,0.0
423,8/27/2020,-3.9328089999999998,-3.181244,Nonfarm payrolls,0.0
422,8/27/2020,-2.057216,-1.3311389999999999,Industrial production,0.0
421,8/27/2020,-3.246625,-2.2718409999999998,Personal consumption expenditures,0.0
420,8/27/2020,1.089816,0.9480487,S&P 500,0.00831499999999985
419,8/28/2020,-0.6680298000000001,-0.2864718,Average of all six indicators,0.09669609999999984
418,8/28/2020,3.169111,3.055456,Real disposable personal income,0.25650400000000007
417,8/28/2020,0.6458718000000001,0.7674083,Consumer price index,0.0
416,8/28/2020,-3.9328089999999998,-3.189031,Nonfarm payrolls,0.0
415,8/28/2020,-2.057216,-1.333345,Industrial production,0.0
414,8/28/2020,-2.967396,-2.010895,Personal consumption expenditures,0.27922899999999995
413,8/28/2020,1.134259,0.991576,S&P 500,0.04444300000000001
412,8/29/2020,-0.6680298000000001,-0.29209409999999997,Average of all six indicators,0.0
411,8/29/2020,3.169111,3.058796,Real disposable personal income,0.0
410,8/29/2020,0.6458718000000001,0.7655641,Consumer price index,0.0
409,8/29/2020,-3.9328089999999998,-3.201572,Nonfarm payrolls,0.0
408,8/29/2020,-2.057216,-1.3443370000000001,Industrial production,0.0
407,8/29/2020,-2.967396,-2.025276,Personal consumption expenditures,0.0
406,8/29/2020,1.134259,0.9942605,S&P 500,0.0
405,8/30/2020,-0.5495895000000001,-0.19384110000000002,Average of all six indicators,0.11844030000000005
404,8/30/2020,2.8913830000000003,2.716715,Real disposable personal income,0.27772799999999975
403,8/30/2020,0.6458718000000001,0.7637199,Consumer price index,0.0
402,8/30/2020,-3.9328089999999998,-3.214113,Nonfarm payrolls,0.0
401,8/30/2020,-2.057216,-1.35533,Industrial production,0.0
400,8/30/2020,-1.979027,-1.070984,Personal consumption expenditures,0.9883689999999998
399,8/30/2020,1.134259,0.9969450000000001,S&P 500,0.0
398,8/31/2020,-0.5530406999999999,-0.2042819,Average of all six indicators,0.0034511999999998766
397,8/31/2020,2.8913830000000003,2.7204099999999998,Real disposable personal income,0.0
396,8/31/2020,0.6458718000000001,0.7618756999999999,Consumer price index,0.0
395,8/31/2020,-3.9328089999999998,-3.228709,Nonfarm payrolls,0.0
394,8/31/2020,-2.057216,-1.370131,Industrial production,0.0
393,8/31/2020,-1.979027,-1.087967,Personal consumption expenditures,0.0
392,8/31/2020,1.113552,0.9788296999999999,S&P 500,0.02070699999999981
391,9/1/2020,-0.5446709,-0.1979351,Average of all six indicators,0.008369799999999983
390,9/1/2020,2.8913830000000003,2.725701,Real disposable personal income,0.0
389,9/1/2020,0.6458718000000001,0.7600316,Consumer price index,0.0
388,9/1/2020,-3.9328089999999998,-3.236248,Nonfarm payrolls,0.0
387,9/1/2020,-2.057216,-1.3718540000000001,Industrial production,0.0
386,9/1/2020,-1.979027,-1.093513,Personal consumption expenditures,0.0
385,9/1/2020,1.16377,1.028271,S&P 500,0.050217999999999874
384,9/2/2020,-0.5269666999999999,-0.1785025,Average of all six indicators,0.01770420000000006
383,9/2/2020,2.8913830000000003,2.732169,Real disposable personal income,0.0
382,9/2/2020,0.6458718000000001,0.7581874,Consumer price index,0.0
381,9/2/2020,-3.9328089999999998,-3.238501,Nonfarm payrolls,0.0
380,9/2/2020,-2.057216,-1.3637620000000001,Industrial production,0.0
379,9/2/2020,-1.979027,-1.0904040000000002,Personal consumption expenditures,0.0
378,9/2/2020,1.269996,1.1312950000000002,S&P 500,0.10622599999999993
377,9/3/2020,-0.5693988,-0.2438879,Average of all six indicators,0.042432100000000084
376,9/3/2020,2.8913830000000003,2.73082,Real disposable personal income,0.0
375,9/3/2020,0.6458718000000001,0.7563432,Consumer price index,0.0
374,9/3/2020,-3.9328089999999998,-3.275621,Nonfarm payrolls,0.0
373,9/3/2020,-2.057216,-1.420358,Industrial production,0.0
372,9/3/2020,-1.979027,-1.14414,Personal consumption expenditures,0.0
371,9/3/2020,1.0154040000000002,0.8896283000000001,S&P 500,0.2545919999999997
370,9/4/2020,-0.5822374,-0.2662673,Average of all six indicators,0.012838600000000033
369,9/4/2020,2.8913830000000003,2.732637,Real disposable personal income,0.0
368,9/4/2020,0.6458718000000001,0.7545512,Consumer price index,0.0
367,9/4/2020,-3.9481040000000003,-3.308164,Nonfarm payrolls,0.015295000000000503
366,9/4/2020,-2.057216,-1.441524,Industrial production,0.0
365,9/4/2020,-1.979027,-1.1670459999999998,Personal consumption expenditures,0.0
364,9/4/2020,0.9536671999999998,0.8319426,S&P 500,0.06173680000000037
363,9/5/2020,-0.467624,-0.13747379999999998,Average of all six indicators,0.11461340000000003
362,9/5/2020,2.8913830000000003,2.735778,Real disposable personal income,0.0
361,9/5/2020,0.6458718000000001,0.7527593000000001,Consumer price index,0.0
360,9/5/2020,-3.260423,-2.515542,Nonfarm payrolls,0.6876810000000004
359,9/5/2020,-2.057216,-1.451699,Industrial production,0.0
358,9/5/2020,-1.979027,-1.180282,Personal consumption expenditures,0.0
357,9/5/2020,0.9536671999999998,0.8341427,S&P 500,0.0
356,9/6/2020,-0.467624,-0.1429079,Average of all six indicators,0.0
355,9/6/2020,2.8913830000000003,2.738918,Real disposable personal income,0.0
354,9/6/2020,0.6458718000000001,0.7509673000000001,Consumer price index,0.0
353,9/6/2020,-3.260423,-2.528285,Nonfarm payrolls,0.0
352,9/6/2020,-2.057216,-1.461874,Industrial production,0.0
351,9/6/2020,-1.979027,-1.193516,Personal consumption expenditures,0.0
350,9/6/2020,0.9536671999999998,0.8363429,S&P 500,0.0
349,9/7/2020,-0.467624,-0.148342,Average of all six indicators,0.0
348,9/7/2020,2.8913830000000003,2.742059,Real disposable personal income,0.0
347,9/7/2020,0.6458718000000001,0.7491753000000001,Consumer price index,0.0
346,9/7/2020,-3.260423,-2.541028,Nonfarm payrolls,0.0
345,9/7/2020,-2.057216,-1.472049,Industrial production,0.0
344,9/7/2020,-1.979027,-1.2067510000000001,Personal consumption expenditures,0.0
343,9/7/2020,0.9536671999999998,0.838543,S&P 500,0.0
342,9/8/2020,-0.5015345,-0.2006206,Average of all six indicators,0.03391050000000001
341,9/8/2020,2.8913830000000003,2.741219,Real disposable personal income,0.0
340,9/8/2020,0.6458718000000001,0.7473833000000001,Consumer price index,0.0
339,9/8/2020,-3.260423,-2.571716,Nonfarm payrolls,0.0
338,9/8/2020,-2.057216,-1.515569,Industrial production,0.0
337,9/8/2020,-1.979027,-1.2494610000000002,Personal consumption expenditures,0.0
336,9/8/2020,0.7502039,0.6444213000000001,S&P 500,0.2034632999999998
335,9/9/2020,-0.47815230000000003,-0.17387260000000002,Average of all six indicators,0.023382199999999964
334,9/9/2020,2.8913830000000003,2.7471200000000002,Real disposable personal income,0.0
333,9/9/2020,0.6458718000000001,0.7455913000000001,Consumer price index,0.0
332,9/9/2020,-3.260423,-2.572025,Nonfarm payrolls,0.0
331,9/9/2020,-2.057216,-1.50264,Industrial production,0.0
330,9/9/2020,-1.979027,-1.242283,Personal consumption expenditures,0.0
329,9/9/2020,0.8904973,0.7810007,S&P 500,0.1402934
328,9/10/2020,-0.49970600000000004,-0.2393433,Average of all six indicators,0.02155370000000001
327,9/10/2020,2.8913830000000003,2.717309,Real disposable personal income,0.0
326,9/10/2020,0.6458718000000001,0.7219034000000001,Consumer price index,0.0
325,9/10/2020,-3.260423,-2.6289569999999998,Nonfarm payrolls,0.0
324,9/10/2020,-2.057216,-1.575766,Industrial production,0.0
323,9/10/2020,-1.979027,-1.328492,Personal consumption expenditures,0.0
322,9/10/2020,0.761175,0.6579434000000001,S&P 500,0.1293223
321,9/11/2020,-0.49968500000000005,-0.24410900000000002,Average of all six indicators,2.0999999999993246e-05
320,9/11/2020,2.8913830000000003,2.721056,Real disposable personal income,0.0
319,9/11/2020,0.6458718000000001,0.7204695,Consumer price index,0.0
318,9/11/2020,-3.260423,-2.640823,Nonfarm payrolls,0.0
317,9/11/2020,-2.057216,-1.5846879999999999,Industrial production,0.0
316,9/11/2020,-1.979027,-1.340327,Personal consumption expenditures,0.0
315,9/11/2020,0.7613009,0.6596586,S&P 500,0.0001258999999999011
314,9/12/2020,-0.49968500000000005,-0.24880589999999997,Average of all six indicators,0.0
313,9/12/2020,2.8913830000000003,2.7248080000000003,Real disposable personal income,0.0
312,9/12/2020,0.6458718000000001,0.7190356,Consumer price index,0.0
311,9/12/2020,-3.260423,-2.6526680000000002,Nonfarm payrolls,0.0
310,9/12/2020,-2.057216,-1.5935700000000002,Industrial production,0.0
309,9/12/2020,-1.979027,-1.352125,Personal consumption expenditures,0.0
308,9/12/2020,0.7613009,0.6616845,S&P 500,0.0
307,9/13/2020,-0.49968500000000005,-0.2535028,Average of all six indicators,0.0
306,9/13/2020,2.8913830000000003,2.728559,Real disposable personal income,0.0
305,9/13/2020,0.6458718000000001,0.7176017,Consumer price index,0.0
304,9/13/2020,-3.260423,-2.6645119999999998,Nonfarm payrolls,0.0
303,9/13/2020,-2.057216,-1.602451,Industrial production,0.0
302,9/13/2020,-1.979027,-1.363924,Personal consumption expenditures,0.0
301,9/13/2020,0.7613009,0.6637105,S&P 500,0.0
300,9/14/2020,-0.48529880000000003,-0.23898920000000004,Average of all six indicators,0.014386200000000016
299,9/14/2020,2.8913830000000003,2.733798,Real disposable personal income,0.0
298,9/14/2020,0.6458718000000001,0.7161678000000001,Consumer price index,0.0
297,9/14/2020,-3.260423,-2.6695740000000003,Nonfarm payrolls,0.0
296,9/14/2020,-2.057216,-1.598708,Industrial production,0.0
295,9/14/2020,-1.979027,-1.364493,Personal consumption expenditures,0.0
294,9/14/2020,0.8476181999999999,0.7488744,S&P 500,0.08631729999999993
293,9/15/2020,-0.41536530000000005,-0.16445639999999997,Average of all six indicators,0.06993349999999998
292,9/15/2020,2.8913830000000003,2.7380459999999998,Real disposable personal income,0.0
291,9/15/2020,0.6025670999999999,0.6731385999999999,Consumer price index,0.043304700000000196
290,9/15/2020,-3.260423,-2.679139,Nonfarm payrolls,0.0
289,9/15/2020,-1.62591,-1.127456,Industrial production,0.43130599999999997
288,9/15/2020,-1.979027,-1.372494,Personal consumption expenditures,0.0
287,9/15/2020,0.8792177,0.7811658,S&P 500,0.031599500000000114
286,9/16/2020,-0.42149,-0.17764560000000001,Average of all six indicators,0.006124699999999927
285,9/16/2020,2.8913830000000003,2.741136,Real disposable personal income,0.0
284,9/16/2020,0.6025670999999999,0.6717095999999999,Consumer price index,0.0
283,9/16/2020,-3.260423,-2.693994,Nonfarm payrolls,0.0
282,9/16/2020,-1.62591,-1.1426319999999999,Industrial production,0.0
281,9/16/2020,-1.979027,-1.389269,Personal consumption expenditures,0.0
280,9/16/2020,0.8424696,0.7471770999999999,S&P 500,0.03674809999999995
279,9/17/2020,-0.4321348,-0.196739,Average of all six indicators,0.01064480000000001
278,9/17/2020,2.8913830000000003,2.7438130000000003,Real disposable personal income,0.0
277,9/17/2020,0.6025670999999999,0.6702806,Consumer price index,0.0
276,9/17/2020,-3.260423,-2.710759,Nonfarm payrolls,0.0
275,9/17/2020,-1.62591,-1.16137,Industrial production,0.0
274,9/17/2020,-1.979027,-1.409237,Personal consumption expenditures,0.0
273,9/17/2020,0.7786006,0.6868388000000001,S&P 500,0.06386900000000006
272,9/18/2020,-0.4460809,-0.22004459999999998,Average of all six indicators,0.013946100000000017
271,9/18/2020,2.8913830000000003,2.746223,Real disposable personal income,0.0
270,9/18/2020,0.6025670999999999,0.6688516,Consumer price index,0.0
269,9/18/2020,-3.260423,-2.728775,Nonfarm payrolls,0.0
268,9/18/2020,-1.62591,-1.182447,Industrial production,0.0
267,9/18/2020,-1.979027,-1.431318,Personal consumption expenditures,0.0
266,9/18/2020,0.6949241999999999,0.6071981,S&P 500,0.0836764000000001
265,9/19/2020,-0.4460809,-0.2247812,Average of all six indicators,0.0
264,9/19/2020,2.8913830000000003,2.75,Real disposable personal income,0.0
263,9/19/2020,0.6025670999999999,0.6674225,Consumer price index,0.0
262,9/19/2020,-3.260423,-2.740514,Nonfarm payrolls,0.0
261,9/19/2020,-1.62591,-1.191828,Industrial production,0.0
260,9/19/2020,-1.979027,-1.442956,Personal consumption expenditures,0.0
259,9/19/2020,0.6949241999999999,0.609189,S&P 500,0.0
258,9/20/2020,-0.4460809,-0.22951770000000002,Average of all six indicators,0.0
257,9/20/2020,2.8913830000000003,2.753778,Real disposable personal income,0.0
256,9/20/2020,0.6025670999999999,0.6659935,Consumer price index,0.0
255,9/20/2020,-3.260423,-2.752254,Nonfarm payrolls,0.0
254,9/20/2020,-1.62591,-1.20121,Industrial production,0.0
253,9/20/2020,-1.979027,-1.454594,Personal consumption expenditures,0.0
252,9/20/2020,0.6949241999999999,0.6111798,S&P 500,0.0
251,9/21/2020,-0.4606665,-0.25330460000000005,Average of all six indicators,0.014585599999999976
250,9/21/2020,2.8913830000000003,2.756256,Real disposable personal income,0.0
249,9/21/2020,0.6025670999999999,0.6645644,Consumer price index,0.0
248,9/21/2020,-3.260423,-2.770022,Nonfarm payrolls,0.0
247,9/21/2020,-1.62591,-1.221843,Industrial production,0.0
246,9/21/2020,-1.979027,-1.476337,Personal consumption expenditures,0.0
245,9/21/2020,0.6074108,0.5275533,S&P 500,0.08751339999999985
244,9/22/2020,-0.4487718,-0.24262670000000003,Average of all six indicators,0.01189469999999998
243,9/22/2020,2.8913830000000003,2.761079,Real disposable personal income,0.0
242,9/22/2020,0.6025670999999999,0.6631354,Consumer price index,0.0
241,9/22/2020,-3.260423,-2.776912,Nonfarm payrolls,0.0
240,9/22/2020,-1.62591,-1.222176,Industrial production,0.0
239,9/22/2020,-1.979027,-1.479853,Personal consumption expenditures,0.0
238,9/22/2020,0.6787787,0.5989661999999999,S&P 500,0.07136789999999993
237,9/23/2020,-0.4776554,-0.2846422,Average of all six indicators,0.02888360000000001
236,9/23/2020,2.8913830000000003,2.762429,Real disposable personal income,0.0
235,9/23/2020,0.6025670999999999,0.6617064,Consumer price index,0.0
234,9/23/2020,-3.260423,-2.799992,Nonfarm payrolls,0.0
233,9/23/2020,-1.62591,-1.25274,Industrial production,0.0
232,9/23/2020,-1.979027,-1.510577,Personal consumption expenditures,0.0
231,9/23/2020,0.5054774999999999,0.43132020000000004,S&P 500,0.17330120000000004
230,9/24/2020,-0.4747317,-0.28549209999999997,Average of all six indicators,0.002923700000000029
229,9/24/2020,2.8913830000000003,2.7665040000000003,Real disposable personal income,0.0
228,9/24/2020,0.6025670999999999,0.6602774,Consumer price index,0.0
227,9/24/2020,-3.260423,-2.810377,Nonfarm payrolls,0.0
226,9/24/2020,-1.62591,-1.259602,Industrial production,0.0
225,9/24/2020,-1.979027,-1.519978,Personal consumption expenditures,0.0
224,9/24/2020,0.5230193000000001,0.4502226,S&P 500,0.017541800000000163
223,9/25/2020,-0.4563393,-0.2666313,Average of all six indicators,0.018392399999999975
222,9/25/2020,2.8913830000000003,2.771795,Real disposable personal income,0.0
221,9/25/2020,0.6025670999999999,0.6588483,Consumer price index,0.0
220,9/25/2020,-3.260423,-2.815039,Nonfarm payrolls,0.0
219,9/25/2020,-1.62591,-1.255762,Industrial production,0.0
218,9/25/2020,-1.979027,-1.5196969999999999,Personal consumption expenditures,0.0
217,9/25/2020,0.6333736,0.5600670999999999,S&P 500,0.1103542999999999
216,9/26/2020,-0.4563393,-0.2713003,Average of all six indicators,0.0
215,9/26/2020,2.8913830000000003,2.7755970000000003,Real disposable personal income,0.0
214,9/26/2020,0.6025670999999999,0.6574193,Consumer price index,0.0
213,9/26/2020,-3.260423,-2.826679,Nonfarm payrolls,0.0
212,9/26/2020,-1.62591,-1.26496,Industrial production,0.0
211,9/26/2020,-1.979027,-1.531183,Personal consumption expenditures,0.0
210,9/26/2020,0.6333736,0.5620031,S&P 500,0.0
209,9/27/2020,-0.4563393,-0.2759693,Average of all six indicators,0.0
208,9/27/2020,2.8913830000000003,2.779399,Real disposable personal income,0.0
207,9/27/2020,0.6025670999999999,0.6559903,Consumer price index,0.0
206,9/27/2020,-3.260423,-2.838318,Nonfarm payrolls,0.0
205,9/27/2020,-1.62591,-1.274158,Industrial production,0.0
204,9/27/2020,-1.979027,-1.542668,Personal consumption expenditures,0.0
203,9/27/2020,0.6333736,0.5639390000000001,S&P 500,0.0
202,9/28/2020,-0.4379682,-0.2575843,Average of all six indicators,0.01837110000000003
201,9/28/2020,2.8913830000000003,2.784525,Real disposable personal income,0.0
200,9/28/2020,0.6025670999999999,0.6545613,Consumer price index,0.0
199,9/28/2020,-3.260423,-2.843657,Nonfarm payrolls,0.0
198,9/28/2020,-1.62591,-1.271557,Industrial production,0.0
197,9/28/2020,-1.979027,-1.543423,Personal consumption expenditures,0.0
196,9/28/2020,0.7436003999999999,0.6740435,S&P 500,0.11022679999999996
195,9/29/2020,-0.44433690000000003,-0.2704271,Average of all six indicators,0.00636870000000006
194,9/29/2020,2.8913830000000003,2.787826,Real disposable personal income,0.0
193,9/29/2020,0.6025670999999999,0.6531321999999999,Consumer price index,0.0
192,9/29/2020,-3.260423,-2.8576650000000003,Nonfarm payrolls,0.0
191,9/29/2020,-1.62591,-1.285187,Industrial production,0.0
190,9/29/2020,-1.979027,-1.558924,Personal consumption expenditures,0.0
189,9/29/2020,0.7053884,0.6382558,S&P 500,0.03821199999999991
188,9/30/2020,-0.435146,-0.263785,Average of all six indicators,0.009190900000000057
187,9/30/2020,2.8913830000000003,2.792217,Real disposable personal income,0.0
186,9/30/2020,0.6025670999999999,0.6517031999999999,Consumer price index,0.0
185,9/30/2020,-3.260423,-2.866458,Nonfarm payrolls,0.0
184,9/30/2020,-1.62591,-1.289042,Industrial production,0.0
183,9/30/2020,-1.979027,-1.565513,Personal consumption expenditures,0.0
182,9/30/2020,0.7605334,0.6943838000000001,S&P 500,0.055145
181,10/1/2020,-0.7126336999999999,-0.5498025,Average of all six indicators,0.27748769999999995
180,10/1/2020,0.6656389,0.5531510000000001,Real disposable personal income,2.2257441
179,10/1/2020,0.6025670999999999,0.6502741999999999,Consumer price index,0.0
178,10/1/2020,-3.260423,-2.8765419999999997,Nonfarm payrolls,0.0
177,10/1/2020,-1.62591,-1.2953139999999999,Industrial production,0.0
176,10/1/2020,-1.4521899999999999,-1.060115,Personal consumption expenditures,0.5268370000000002
175,10/1/2020,0.7945145,0.7297305000000001,S&P 500,0.033981099999999986
174,10/2/2020,-0.7153618,-0.5600096999999999,Average of all six indicators,0.002728100000000122
173,10/2/2020,0.6656389,0.5559089,Real disposable personal income,0.0
172,10/2/2020,0.6025670999999999,0.6488451,Consumer price index,0.0
171,10/2/2020,-3.204552,-2.835074,Nonfarm payrolls,0.05587099999999978
170,10/2/2020,-1.62591,-1.312062,Industrial production,0.0
169,10/2/2020,-1.4521899999999999,-1.077966,Personal consumption expenditures,0.0
168,10/2/2020,0.7222743,0.6602898,S&P 500,0.07224019999999998
167,10/3/2020,-0.7153618,-0.5647047,Average of all six indicators,0.0
166,10/3/2020,0.6656389,0.5594752,Real disposable personal income,0.0
165,10/3/2020,0.6025670999999999,0.6474161,Consumer price index,0.0
164,10/3/2020,-3.204552,-2.846857,Nonfarm payrolls,0.0
163,10/3/2020,-1.62591,-1.321493,Industrial production,0.0
162,10/3/2020,-1.4521899999999999,-1.0891170000000001,Personal consumption expenditures,0.0
161,10/3/2020,0.7222743,0.6623473000000001,S&P 500,0.0
160,10/4/2020,-0.7153618,-0.5693997,Average of all six indicators,0.0
159,10/4/2020,0.6656389,0.5630414,Real disposable personal income,0.0
158,10/4/2020,0.6025670999999999,0.6459871,Consumer price index,0.0
157,10/4/2020,-3.204552,-2.858641,Nonfarm payrolls,0.0
156,10/4/2020,-1.62591,-1.3309229999999999,Industrial production,0.0
155,10/4/2020,-1.4521899999999999,-1.100267,Personal consumption expenditures,0.0
154,10/4/2020,0.7222743,0.6644047,S&P 500,0.0
153,10/5/2020,-0.6947555999999999,-0.5492914000000001,Average of all six indicators,0.02060620000000013
152,10/5/2020,0.6656389,0.567632,Real disposable personal income,0.0
151,10/5/2020,0.6025670999999999,0.6445398,Consumer price index,0.0
150,10/5/2020,-3.204552,-2.864429,Nonfarm payrolls,0.0
149,10/5/2020,-1.62591,-1.329958,Industrial production,0.0
148,10/5/2020,-1.4521899999999999,-1.1020299999999998,Personal consumption expenditures,0.0
147,10/5/2020,0.8459117,0.7884979,S&P 500,0.12363740000000001
146,10/6/2020,-0.6383991,-0.4946003,Average of all six indicators,0.05635649999999992
145,10/6/2020,0.6656389,0.5700418,Real disposable personal income,0.0
144,10/6/2020,0.6025670999999999,0.6430925000000001,Consumer price index,0.0
143,10/6/2020,-2.762744,-2.396857,Nonfarm payrolls,0.441808
142,10/6/2020,-1.62591,-1.349108,Industrial production,0.0
141,10/6/2020,-1.4521899999999999,-1.122362,Personal consumption expenditures,0.0
140,10/6/2020,0.7422428000000001,0.6875903,S&P 500,0.10366889999999995
139,10/7/2020,-0.6183151,-0.47569700000000004,Average of all six indicators,0.02008399999999999
138,10/7/2020,0.6656389,0.5745167,Real disposable personal income,0.0
137,10/7/2020,0.6025670999999999,0.6416451,Consumer price index,0.0
136,10/7/2020,-2.762744,-2.404722,Nonfarm payrolls,0.0
135,10/7/2020,-1.62591,-1.349209,Industrial production,0.0
134,10/7/2020,-1.4521899999999999,-1.125109,Personal consumption expenditures,0.0
133,10/7/2020,0.8627464,0.8086958000000001,S&P 500,0.12050359999999993
132,10/8/2020,-0.6094189,-0.48768459999999997,Average of all six indicators,0.00889620000000002
131,10/8/2020,0.6656389,0.5598813,Real disposable personal income,0.0
130,10/8/2020,0.6025670999999999,0.6334721999999999,Consumer price index,0.0
129,10/8/2020,-2.762744,-2.435468,Nonfarm payrolls,0.0
128,10/8/2020,-1.62591,-1.381066,Industrial production,0.0
127,10/8/2020,-1.4521899999999999,-1.166258,Personal consumption expenditures,0.0
126,10/8/2020,0.9161234,0.8633306999999999,S&P 500,0.05337700000000001
125,10/9/2020,-0.5995911999999999,-0.4808058,Average of all six indicators,0.009827700000000106
124,10/9/2020,0.6656389,0.5644225,Real disposable personal income,0.0
123,10/9/2020,0.6025670999999999,0.6322835,Consumer price index,0.0
122,10/9/2020,-2.762744,-2.445733,Nonfarm payrolls,0.0
121,10/9/2020,-1.62591,-1.386115,Industrial production,0.0
120,10/9/2020,-1.4521899999999999,-1.173222,Personal consumption expenditures,0.0
119,10/9/2020,0.9750898000000001,0.9235289000000001,S&P 500,0.058966400000000085
118,10/10/2020,-0.5995877,-0.4855532,Average of all six indicators,3.4999999999341114e-06
117,10/10/2020,0.6656389,0.5684712,Real disposable personal income,0.0
116,10/10/2020,0.6025670999999999,0.6310949,Consumer price index,0.0
115,10/10/2020,-2.762744,-2.458412,Nonfarm payrolls,0.0
114,10/10/2020,-1.62591,-1.395705,Industrial production,0.0
113,10/10/2020,-1.4521899999999999,-1.18438,Personal consumption expenditures,0.0
112,10/10/2020,0.9751105,0.9256119,S&P 500,2.0699999999873597e-05
111,10/11/2020,-0.5995877,-0.49030470000000004,Average of all six indicators,0.0
110,10/11/2020,0.6656389,0.5725198,Real disposable personal income,0.0
109,10/11/2020,0.6025670999999999,0.6299062,Consumer price index,0.0
108,10/11/2020,-2.762744,-2.471093,Nonfarm payrolls,0.0
107,10/11/2020,-1.62591,-1.405297,Industrial production,0.0
106,10/11/2020,-1.4521899999999999,-1.195539,Personal consumption expenditures,0.0
105,10/11/2020,0.9751105,0.9276743000000001,S&P 500,0.0
104,10/12/2020,-0.5808441,-0.4733348,Average of all six indicators,0.01874359999999997
103,10/12/2020,0.6656389,0.5773729000000001,Real disposable personal income,0.0
102,10/12/2020,0.6025670999999999,0.6287175,Consumer price index,0.0
101,10/12/2020,-2.762744,-2.479828,Nonfarm payrolls,0.0
100,10/12/2020,-1.62591,-1.407469,Industrial production,0.0
99,10/12/2020,-1.4521899999999999,-1.199848,Personal consumption expenditures,0.0
98,10/12/2020,1.087573,1.041046,S&P 500,0.11246249999999991
97,10/13/2020,-0.5890014,-0.48775100000000005,Average of all six indicators,0.008157300000000034
96,10/13/2020,0.6656389,0.5810344,Real disposable personal income,0.0
95,10/13/2020,0.6025670999999999,0.6275289000000001,Consumer price index,0.0
94,10/13/2020,-2.762744,-2.494408,Nonfarm payrolls,0.0
93,10/13/2020,-1.62591,-1.420634,Industrial production,0.0
92,10/13/2020,-1.4521899999999999,-1.214305,Personal consumption expenditures,0.0
91,10/13/2020,1.038629,0.9942777,S&P 500,0.048943999999999876
90,10/14/2020,-0.597538,-0.5024705,Average of all six indicators,0.008536600000000005
89,10/14/2020,0.6656389,0.5847133000000001,Real disposable personal income,0.0
88,10/14/2020,0.6025670999999999,0.6263401999999999,Consumer price index,0.0
87,10/14/2020,-2.762744,-2.508901,Nonfarm payrolls,0.0
86,10/14/2020,-1.62591,-1.433634,Industrial production,0.0
85,10/14/2020,-1.4521899999999999,-1.22861,Personal consumption expenditures,0.0
84,10/14/2020,0.9874091,0.9452695,S&P 500,0.051219899999999985
83,10/15/2020,-0.6000084,-0.5101281,Average of all six indicators,0.0024703999999999837
82,10/15/2020,0.6656389,0.5886549,Real disposable personal income,0.0
81,10/15/2020,0.6025670999999999,0.6251515999999999,Consumer price index,0.0
80,10/15/2020,-2.762744,-2.522107,Nonfarm payrolls,0.0
79,10/15/2020,-1.62591,-1.444213,Industrial production,0.0
78,10/15/2020,-1.4521899999999999,-1.24068,Personal consumption expenditures,0.0
77,10/15/2020,0.9725868000000001,0.9324245000000001,S&P 500,0.014822299999999955
76,10/16/2020,-0.5628468000000001,-0.47802089999999997,Average of all six indicators,0.037161599999999906
75,10/16/2020,0.6656389,0.5927199000000001,Real disposable personal income,0.0
74,10/16/2020,0.6586295999999999,0.6806263000000001,Consumer price index,0.056062500000000015
73,10/16/2020,-2.762744,-2.534707,Nonfarm payrolls,0.0
72,10/16/2020,-1.463296,-1.293598,Industrial production,0.16261400000000004
71,10/16/2020,-1.4521899999999999,-1.251699,Personal consumption expenditures,0.0
70,10/16/2020,0.9768798000000001,0.9385331,S&P 500,0.004292999999999991
69,10/17/2020,-0.5628468000000001,-0.4827334,Average of all six indicators,0.0
68,10/17/2020,0.6656389,0.596771,Real disposable personal income,0.0
67,10/17/2020,0.6586295999999999,0.6794043000000001,Consumer price index,0.0
66,10/17/2020,-2.762744,-2.547376,Nonfarm payrolls,0.0
65,10/17/2020,-1.463296,-1.303026,Industrial production,0.0
64,10/17/2020,-1.4521899999999999,-1.262838,Personal consumption expenditures,0.0
63,10/17/2020,0.9768798000000001,0.9406635,S&P 500,0.0
62,10/18/2020,-0.5628468000000001,-0.487446,Average of all six indicators,0.0
61,10/18/2020,0.6656389,0.6008220000000001,Real disposable personal income,0.0
60,10/18/2020,0.6586295999999999,0.6781822,Consumer price index,0.0
59,10/18/2020,-2.762744,-2.560044,Nonfarm payrolls,0.0
58,10/18/2020,-1.463296,-1.312454,Industrial production,0.0
57,10/18/2020,-1.4521899999999999,-1.273976,Personal consumption expenditures,0.0
56,10/18/2020,0.9768798000000001,0.9427938,S&P 500,0.0
55,10/19/2020,-0.5830692,-0.5147071,Average of all six indicators,0.020222399999999863
54,10/19/2020,0.6656389,0.6042626999999999,Real disposable personal income,0.0
53,10/19/2020,0.6586295999999999,0.6769602,Consumer price index,0.0
52,10/19/2020,-2.762744,-2.575707,Nonfarm payrolls,0.0
51,10/19/2020,-1.463296,-1.327512,Industrial production,0.0
50,10/19/2020,-1.4521899999999999,-1.2903129999999998,Personal consumption expenditures,0.0
49,10/19/2020,0.8555455,0.8240662,S&P 500,0.12133430000000012
48,10/20/2020,-0.5780838,-0.5138192,Average of all six indicators,0.004985399999999918
47,10/20/2020,0.6656389,0.6084828,Real disposable personal income,0.0
46,10/20/2020,0.6586295999999999,0.6757382,Consumer price index,0.0
45,10/20/2020,-2.762744,-2.5875470000000003,Nonfarm payrolls,0.0
44,10/20/2020,-1.463296,-1.335381,Industrial production,0.0
43,10/20/2020,-1.4521899999999999,-1.3000120000000002,Personal consumption expenditures,0.0
42,10/20/2020,0.8854578000000002,0.8558034,S&P 500,0.029912300000000225
41,10/21/2020,-0.581345,-0.5220438000000001,Average of all six indicators,0.003261199999999964
40,10/21/2020,0.6656389,0.6124719,Real disposable personal income,0.0
39,10/21/2020,0.6586295999999999,0.6745161,Consumer price index,0.0
38,10/21/2020,-2.762744,-2.600519,Nonfarm payrolls,0.0
37,10/21/2020,-1.463296,-1.345379,Industrial production,0.0
36,10/21/2020,-1.4521899999999999,-1.311677,Personal consumption expenditures,0.0
35,10/21/2020,0.8658906,0.8383233,S&P 500,0.01956720000000023
34,10/22/2020,-0.5757774999999999,-0.5205942,Average of all six indicators,0.0055675000000000585
33,10/22/2020,0.6656389,0.6166849,Real disposable personal income,0.0
32,10/22/2020,0.6586295999999999,0.6732941,Consumer price index,0.0
31,10/22/2020,-2.762744,-2.612393,Nonfarm payrolls,0.0
30,10/22/2020,-1.463296,-1.353313,Industrial production,0.0
29,10/22/2020,-1.4521899999999999,-1.321436,Personal consumption expenditures,0.0
28,10/22/2020,0.8992956,0.8735978999999999,S&P 500,0.03340500000000002
27,10/23/2020,-0.5723234,-0.5215074000000001,Average of all six indicators,0.0034540999999999045
26,10/23/2020,0.6656389,0.6208311,Real disposable personal income,0.0
25,10/23/2020,0.6586295999999999,0.672072,Consumer price index,0.0
24,10/23/2020,-2.762744,-2.624596,Nonfarm payrolls,0.0
23,10/23/2020,-1.463296,-1.3618629999999998,Industrial production,0.0
22,10/23/2020,-1.4521899999999999,-1.3317649999999999,Personal consumption expenditures,0.0
21,10/23/2020,0.9200202,0.8962759,S&P 500,0.020724599999999982
20,10/24/2020,-0.5723234,-0.526127,Average of all six indicators,0.0
19,10/24/2020,0.6656389,0.6249045999999999,Real disposable personal income,0.0
18,10/24/2020,0.6586295999999999,0.67085,Consumer price index,0.0
17,10/24/2020,-2.762744,-2.637155,Nonfarm payrolls,0.0
16,10/24/2020,-1.463296,-1.371084,Industrial production,0.0
15,10/24/2020,-1.4521899999999999,-1.3427120000000001,Personal consumption expenditures,0.0
14,10/24/2020,0.9200202,0.8984344999999999,S&P 500,0.0
13,10/25/2020,-0.5723234,-0.5307467,Average of all six indicators,0.0
12,10/25/2020,0.6656389,0.6289779999999999,Real disposable personal income,0.0
11,10/25/2020,0.6586295999999999,0.669628,Consumer price index,0.0
10,10/25/2020,-2.762744,-2.649714,Nonfarm payrolls,0.0
9,10/25/2020,-1.463296,-1.380306,Industrial production,0.0
8,10/25/2020,-1.4521899999999999,-1.35366,Personal consumption expenditures,0.0
7,10/25/2020,0.9200202,0.900593,S&P 500,0.0
6,10/26/2020,-0.5723234,-0.5353663000000001,Average of all six indicators,0.0
5,10/26/2020,0.6656389,0.6330515,Real disposable personal income,0.0
4,10/26/2020,0.6586295999999999,0.6684059,Consumer price index,0.0
3,10/26/2020,-2.762744,-2.662272,Nonfarm payrolls,0.0
2,10/26/2020,-1.463296,-1.389527,Industrial production,0.0
1,10/26/2020,-1.4521899999999999,-1.364608,Personal consumption expenditures,0.0
0,10/26/2020,0.9200202,0.9027516,S&P 500,0.0
